0,1,2,3,4,5,6,7,8,9,10,11,12,13
1,113.9,10.0,9.7,9.7,10.0,8.9,6.4,10.0,10.0,9.5,9.9,10.0,9.8
2,113.4,9.4,10.0,8.9,8.9,9.3,9.8,9.3,9.0,9.5,10.0,10.0,9.3
3,112.6,9.0,9.7,9.1,9.1,10.0,7.5,9.7,10.0,9.7,9.0,10.0,9.8
4,111.1,9.8,9.5,9.3,9.3,8.2,7.3,9.7,9.6,9.7,9.3,9.4,10.0
5,110.6,9.0,9.7,10.0,8.5,7.4,8.9,9.8,8.9,9.6,9.3,9.8,9.7
6,110.6,9.8,9.9,9.8,8.1,7.7,8.4,9.9,9.2,9.8,8.2,9.8,10.0
7,110.0,9.0,9.8,10.0,8.4,8.4,6.6,9.6,9.5,9.8,9.4,10.0,9.5
8,109.4,9.4,9.8,8.0,8.5,9.1,8.8,9.1,9.7,9.1,10.0,9.6,8.3
9,107.3,10.0,8.6,8.4,8.3,7.5,8.2,9.1,9.9,8.5,9.3,9.8,9.7
10,105.4,10.0,9.6,9.6,6.6,7.3,7.7,9.5,8.2,8.7,8.6,9.9,9.7
11,105.3,7.7,9.6,6.5,8.7,9.8,8.8,9.7,9.7,7.6,9.5,7.7,10.0
12,102.4,8.8,9.6,8.6,9.2,7.7,7.4,9.6,9.5,7.7,8.7,8.2,7.4
13,101.6,9.2,9.6,9.2,8.0,8.6,7.2,8.6,9.2,8.9,9.1,7.5,6.5
14,101.6,8.1,9.8,7.3,8.6,8.5,7.9,9.2,8.9,8.2,9.1,8.5,7.5
15,101.1,8.4,8.7,9.1,7.0,6.5,7.6,8.2,8.8,9.0,9.8,9.3,8.7
16,99.5,8.9,9.6,5.2,8.3,9.1,8.1,9.2,9.4,7.5,8.6,7.3,8.3
17,98.9,8.8,8.2,7.9,8.0,7.2,6.3,8.8,8.0,8.8,9.3,8.6,9.0
18,98.9,9.1,8.9,10.0,6.9,6.5,7.2,8.1,7.7,8.0,8.4,8.7,9.4
19,98.1,7.2,8.1,7.1,8.1,7.8,8.3,9.3,8.4,9.0,8.8,8.3,7.7
20,97.4,8.7,8.9,8.0,7.5,8.5,7.5,7.3,9.5,6.5,9.0,7.9,8.1
21,96.5,7.7,9.1,8.1,6.6,8.0,7.3,7.9,8.7,7.9,8.2,7.8,9.2
22,96.4,8.3,8.9,8.9,6.9,7.9,7.6,7.6,8.0,7.0,8.9,8.3,8.1
23,96.3,9.6,9.4,8.1,8.5,5.6,6.3,9.5,7.0,9.1,4.9,8.3,10.0
24,96.0,7.1,8.6,8.5,5.5,7.4,7.6,8.6,8.3,7.8,9.0,9.3,8.3
25,95.7,8.9,8.3,9.7,5.9,7.7,6.4,8.6,8.5,8.9,6.8,8.7,7.3
26,95.6,7.9,9.1,8.3,6.6,7.6,7.6,8.4,8.7,7.5,8.1,8.0,7.8
27,93.8,6.4,8.3,5.8,8.1,8.4,7.2,6.8,9.3,6.5,9.0,8.7,9.3
28,93.7,6.9,8.8,7.0,7.7,6.8,6.9,8.0,9.0,7.9,8.7,8.0,8.0
29,93.4,7.2,6.7,7.2,7.0,8.1,7.4,8.9,9.5,8.5,8.1,7.7,7.1
30,93.3,8.3,8.5,5.8,8.9,7.5,4.4,10.0,8.6,9.4,7.7,4.4,9.8
31,92.9,9.0,4.9,7.4,7.7,7.4,8.5,6.1,8.8,7.3,8.5,7.9,9.4
32,91.1,6.5,7.2,7.5,6.4,9.9,6.6,8.6,9.1,7.3,9.5,7.1,5.4
33,91.0,6.5,8.8,9.4,7.5,6.7,6.5,7.4,7.2,7.7,8.6,7.8,6.9
34,90.8,6.2,8.0,9.4,6.0,8.3,7.4,7.1,7.4,7.2,8.0,8.3,7.5
35,90.5,7.2,8.3,6.5,7.9,6.8,7.6,6.9,8.5,5.3,9.7,6.3,9.5
36,89.8,8.1,8.8,8.8,8.2,6.0,4.7,8.2,4.9,9.8,7.1,7.3,7.9
37,89.4,6.3,7.8,3.8,8.4,6.9,8.3,8.6,7.8,9.4,8.3,6.8,7.0
38,89.3,4.3,7.8,6.2,8.6,8.3,8.5,6.9,8.8,5.3,9.0,7.7,7.9
39,89.1,7.6,9.3,8.7,5.8,6.7,7.8,7.8,8.1,7.4,7.5,6.6,5.8
40,89.0,6.7,6.6,5.4,8.0,8.8,8.0,6.5,9.7,5.6,9.9,5.8,8.0
41,88.9,6.5,7.3,6.5,7.0,7.9,5.4,8.2,7.9,7.8,8.4,7.3,8.7
42,88.8,6.3,6.8,3.4,9.7,8.2,7.2,8.8,8.1,9.1,9.4,4.7,7.1
43,88.2,8.7,9.3,8.5,6.4,5.6,5.0,7.6,5.7,7.4,5.6,9.3,9.1
44,88.0,8.4,7.8,4.5,6.3,8.2,7.5,7.1,8.7,6.1,9.3,6.6,7.5
45,88.0,4.8,8.1,5.6,8.4,8.3,7.9,6.4,8.6,6.2,9.7,5.8,8.2
46,87.8,4.6,6.2,5.9,7.9,9.2,7.9,7.7,7.9,7.4,9.5,6.4,7.2
47,86.6,7.4,8.8,9.0,5.4,7.1,7.7,6.9,5.1,8.3,6.2,8.4,6.3
48,86.4,7.2,7.1,6.3,6.1,9.1,7.4,6.8,9.0,7.6,7.8,5.2,6.8
49,85.8,7.5,9.6,9.3,6.4,5.6,6.5,9.0,4.5,9.5,4.9,6.5,6.5
50,85.7,6.7,8.3,6.9,5.7,6.6,7.6,8.3,7.8,7.7,7.0,5.7,7.4
51,85.0,6.5,8.2,6.3,6.5,8.7,5.5,9.8,7.9,9.2,7.5,3.9,5.0
52,84.8,6.7,8.0,5.4,8.0,7.5,7.4,7.3,8.2,6.3,7.3,4.7,8.0
53,84.8,5.9,8.2,6.5,7.1,9.0,6.9,6.8,7.7,5.2,8.5,4.4,8.6
54,84.4,9.7,8.0,7.9,5.5,5.7,6.5,7.0,6.7,6.6,7.5,6.9,6.4
55,84.0,7.1,7.8,4.1,7.6,9.1,6.7,7.1,9.1,5.6,9.1,3.9,6.8
56,83.9,6.5,7.6,4.6,6.4,8.2,7.5,7.8,8.2,6.7,7.8,6.6,6.0
57,83.1,7.6,7.1,8.5,5.5,8.1,7.3,6.5,7.5,7.2,7.0,5.6,5.2
58,82.9,7.3,8.2,7.2,7.3,6.7,5.5,8.5,7.7,8.9,5.6,4.6,5.4
59,82.4,5.5,8.3,6.6,5.2,6.6,7.7,9.1,7.0,7.9,7.3,5.1,6.1
60,82.3,6.2,6.6,6.4,7.4,7.4,8.0,4.7,7.5,6.0,8.1,7.3,6.7
61,81.8,6.7,8.4,7.4,7.3,4.8,6.2,9.1,5.6,8.2,7.9,4.3,5.9
62,81.7,6.2,7.3,3.9,8.1,8.1,8.0,5.9,8.1,5.0,8.5,4.8,7.8
63,81.5,7.1,8.8,7.1,6.3,6.9,6.0,9.5,4.9,9.2,5.6,5.5,4.6
64,80.8,8.3,9.1,10.0,4.6,5.7,3.9,7.6,4.4,7.7,4.9,9.2,5.4
65,80.3,6.5,8.0,8.4,7.0,5.9,7.0,7.7,5.1,7.5,5.5,5.3,6.4
66,80.3,5.5,5.7,5.2,6.2,7.1,7.6,5.9,8.6,5.9,8.7,6.7,7.2
67,79.2,8.9,8.1,8.8,5.2,6.2,4.0,8.5,4.2,9.2,4.6,5.8,5.7
68,79.1,7.3,6.8,5.9,6.4,7.7,6.4,6.8,6.8,6.9,6.3,4.3,7.5
69,78.9,6.9,7.6,7.3,4.2,7.6,6.2,6.3,5.9,7.0,6.2,7.7,6.0
70,78.9,6.9,8.1,10.0,3.8,6.8,3.8,6.4,4.8,7.5,6.0,7.3,7.5
71,78.7,5.7,6.9,8.0,6.4,5.4,4.2,6.3,4.2,7.9,6.5,9.6,7.6
72,77.9,7.4,7.3,8.3,5.1,7.0,6.1,4.7,7.4,6.0,7.9,5.3,5.4
73,77.6,6.2,6.7,3.4,6.6,7.6,7.4,5.4,8.7,5.2,8.3,5.5,6.6
74,77.4,5.6,7.1,6.5,5.7,8.0,8.1,7.9,6.7,5.2,5.3,4.0,7.3
75,77.3,6.8,8.2,7.3,6.0,6.7,5.8,6.5,6.5,5.0,6.5,5.7,6.3
76,76.9,7.1,7.9,6.9,6.5,6.3,8.2,6.9,5.0,6.9,4.9,3.1,7.2
77,76.8,7.2,7.1,7.1,6.6,6.6,5.8,6.9,6.0,6.6,5.2,6.8,4.9
78,76.8,6.5,8.0,6.0,5.4,8.6,7.0,6.5,6.8,6.0,6.3,3.9,5.8
79,76.5,6.8,9.1,7.9,5.5,5.5,4.9,8.3,4.3,5.6,3.7,7.5,7.4
80,76.4,4.6,5.6,4.0,8.8,8.3,9.8,5.5,6.0,3.3,7.1,3.9,9.5
81,76.3,6.2,7.9,6.5,4.1,5.9,4.3,8.8,5.4,8.5,4.6,7.7,6.4
82,76.2,9.0,9.4,8.5,3.3,5.3,4.7,7.5,4.4,8.0,6.4,5.9,3.8
83,76.0,4.5,7.5,7.9,4.7,6.1,7.2,4.3,6.1,6.6,6.1,7.0,8.0
84,74.9,5.8,6.6,7.7,4.8,6.2,8.2,6.7,5.2,6.8,4.8,6.1,6.0
85,74.7,5.9,7.2,7.9,4.4,7.3,4.9,8.6,5.7,8.5,6.7,4.9,2.7
86,74.4,6.4,8.0,4.8,5.9,3.6,6.2,8.5,5.6,8.2,6.0,4.7,6.5
87,74.4,6.3,7.8,6.6,4.9,6.7,5.1,9.7,5.6,8.7,5.4,3.5,4.1
88,74.3,8.4,5.4,7.2,4.9,6.1,5.8,6.5,6.8,6.5,6.1,5.1,5.5
89,74.2,8.3,7.8,7.7,6.7,4.9,6.1,6.5,4.4,6.5,4.2,4.7,6.4
90,74.0,7.6,8.0,6.7,6.8,4.2,5.2,8.2,3.7,6.2,4.2,4.6,8.6
91,73.8,5.2,7.4,3.8,5.5,6.5,6.1,8.2,6.7,7.5,6.7,4.5,5.7
92,73.1,7.3,4.3,6.7,5.4,6.4,7.9,4.8,6.4,6.3,6.9,4.8,5.9
93,73.0,5.7,8.7,7.0,5.7,5.1,5.5,6.5,3.6,5.6,3.8,7.6,8.2
94,72.9,6.2,7.0,7.1,4.5,5.8,6.9,5.1,5.9,7.2,6.6,5.4,5.2
95,72.4,6.1,8.3,7.1,6.0,4.7,3.4,8.7,4.2,7.9,5.1,3.6,7.3
96,72.3,6.1,6.1,6.7,7.1,7.5,5.5,6.5,7.0,4.2,7.2,5.4,3.0
97,72.1,5.0,6.3,4.5,8.5,6.0,8.5,5.6,5.9,3.3,6.2,4.4,7.9
98,72.0,6.1,8.3,7.3,6.4,4.8,6.6,6.6,4.9,4.9,4.8,3.9,7.4
99,71.6,6.6,7.8,5.8,5.0,7.9,5.8,7.0,6.2,5.9,5.7,3.1,4.8
100,71.3,6.4,5.1,6.7,6.0,5.7,9.4,5.4,6.2,3.5,5.8,3.8,7.3
101,71.2,6.3,8.2,7.8,4.5,5.0,3.8,8.0,3.8,9.1,5.3,4.7,4.7
102,71.0,5.5,7.4,6.1,6.3,4.5,6.2,7.6,3.6,7.0,3.1,7.0,6.7
103,70.4,5.5,3.5,5.8,6.8,8.2,7.1,3.3,7.4,3.8,7.6,5.0,6.4
104,70.3,7.1,6.9,7.4,3.2,7.4,7.3,7.2,6.7,4.3,5.0,4.3,3.5
105,70.2,4.6,6.9,6.0,5.1,5.0,6.2,8.3,4.7,7.4,6.1,4.7,5.2
106,70.1,5.4,5.5,4.1,5.2,7.1,8.0,5.3,6.0,4.0,7.2,4.2,8.1
107,70.0,5.5,8.0,7.3,6.4,4.8,5.3,5.2,4.2,4.4,4.3,8.4,6.2
108,69.7,3.8,5.2,4.4,6.1,6.6,8.2,4.2,7.8,5.1,6.6,5.0,6.7
109,69.0,5.8,6.2,5.8,5.5,5.8,7.1,5.5,6.3,5.8,6.5,3.3,5.4
110,68.2,6.7,4.9,6.2,4.8,7.8,4.6,6.2,6.4,6.4,8.1,2.8,3.3
111,67.1,4.7,5.1,4.5,6.3,4.9,9.5,5.5,4.9,4.1,5.7,2.7,9.2
112,66.1,5.6,7.3,6.9,5.8,5.2,5.2,5.8,3.9,3.8,3.3,7.3,6.0
113,65.9,5.2,7.6,7.6,6.4,4.2,3.6,8.3,4.0,7.3,4.5,3.0,4.2
114,65.9,4.9,5.8,5.8,7.1,6.1,6.8,5.0,5.6,4.6,5.3,3.0,5.9
115,65.5,6.4,4.3,4.1,6.7,5.4,6.6,5.2,5.9,4.7,5.1,3.6,7.5
116,65.4,6.3,6.8,6.5,3.1,5.0,5.0,7.7,4.2,8.0,5.3,3.7,3.8
117,65.2,6.9,3.7,3.4,6.9,5.1,8.4,4.8,6.4,5.5,5.2,3.1,5.8
118,64.9,6.9,7.6,8.4,3.8,4.6,3.5,8.2,1.8,8.8,4.1,2.4,4.8
119,64.6,5.2,7.0,4.0,4.0,5.4,5.2,7.6,4.1,7.5,5.5,4.0,5.1
120,63.8,4.1,3.3,4.9,5.8,7.8,5.5,3.3,7.3,5.0,8.2,4.5,4.1
121,62.6,4.4,7.9,6.3,6.0,5.9,4.0,4.8,2.5,3.0,3.5,5.3,9.0
122,61.6,5.1,7.4,5.9,3.5,7.8,4.6,8.3,1.8,7.7,3.7,2.2,3.6
123,61.5,5.7,5.6,3.8,6.0,4.8,8.4,5.4,3.8,3.2,4.7,3.0,7.1
124,60.5,4.7,6.2,4.5,5.4,3.6,7.6,5.7,4.0,4.8,3.7,3.6,6.7
125,59.4,6.1,6.0,4.5,4.1,5.5,5.9,5.5,2.7,3.8,5.1,3.2,7.0
126,58.5,4.2,7.8,4.7,3.0,4.2,3.6,7.2,2.6,7.9,5.0,3.5,4.8
127,57.5,4.5,4.1,5.4,6.5,3.7,3.3,6.7,3.8,3.2,3.7,6.5,6.1
128,56.7,3.6,5.5,3.8,5.0,6.4,3.3,4.0,5.4,4.5,5.1,3.0,7.1
129,56.7,6.3,5.6,4.2,4.4,4.9,8.1,4.5,4.3,4.1,4.5,2.7,3.1
130,55.7,4.0,6.5,7.9,5.2,2.4,4.0,4.6,3.1,4.1,2.8,4.6,6.5
131,54.8,5.7,3.7,3.9,4.5,4.5,6.8,5.4,3.8,4.4,4.1,2.7,5.3
132,53.7,4.3,5.3,5.1,5.7,4.4,4.2,4.5,4.4,3.3,3.7,4.5,4.3
133,52.5,4.2,6.6,2.9,4.1,4.6,2.5,6.8,3.5,7.7,4.8,2.5,2.3
134,52.4,4.6,4.5,4.1,4.8,4.5,4.7,3.8,4.6,3.6,6.9,2.6,3.7
135,52.0,2.7,5.3,4.8,5.4,3.8,3.3,6.1,3.2,5.2,1.8,6.5,3.9
136,50.9,3.0,5.4,6.8,4.7,4.2,4.5,5.2,3.8,3.7,3.2,2.8,3.6
137,50.7,5.4,2.2,5.6,2.6,7.4,4.6,3.2,4.8,4.3,4.9,3.0,2.7
138,50.6,3.5,4.4,5.8,5.3,3.3,4.7,2.9,2.4,3.6,3.1,7.0,4.6
139,49.6,4.4,4.2,4.1,5.9,4.6,5.4,2.5,2.7,2.9,4.4,2.5,6.0
140,48.2,4.3,2.8,5.0,4.3,5.4,3.0,4.8,3.8,4.1,3.8,2.3,4.6
141,46.4,3.0,4.3,8.0,3.5,4.1,4.8,3.4,2.9,2.8,2.9,2.8,3.9
142,45.2,4.5,4.9,4.8,5.4,2.9,2.0,3.7,2.7,2.0,4.3,5.5,2.5
143,44.7,3.3,5.9,7.3,3.5,3.2,4.0,2.7,2.9,1.7,2.8,3.1,4.3
144,44.3,1.8,4.7,6.9,4.6,3.5,4.2,4.3,2.4,2.5,2.3,3.8,3.3
145,44.1,3.6,3.8,4.2,4.0,5.3,4.1,2.4,3.9,1.5,3.3,3.9,4.1
146,44.0,2.6,5.0,4.6,2.1,4.7,2.6,6.3,1.3,6.3,3.8,2.0,2.7
147,43.7,3.1,3.6,3.4,2.4,3.4,2.5,6.7,2.2,7.8,4.0,2.2,2.4
148,41.7,3.1,3.0,4.4,4.5,4.5,4.4,2.7,3.5,2.5,2.8,2.3,4.0
149,41.7,2.3,3.2,3.6,4.0,3.5,4.4,3.0,3.3,3.4,3.6,2.7,4.7
150,41.1,3.2,2.2,3.6,3.2,5.7,3.8,3.3,4.0,3.0,4.9,2.1,2.1
151,40.8,1.8,4.2,5.4,3.6,3.0,4.5,3.3,2.3,3.2,3.0,3.6,2.9
152,40.1,2.6,5.0,4.8,4.6,2.7,2.8,4.7,2.6,2.4,1.4,3.8,2.7
153,38.6,3.6,2.0,3.9,4.0,2.6,3.7,3.6,2.0,3.0,2.5,4.4,3.3
154,38.1,2.1,4.3,2.9,2.0,3.0,3.9,4.4,1.9,2.9,3.1,2.0,5.6
155,37.9,2.8,6.3,5.7,5.2,3.5,1.9,2.8,2.2,1.8,2.0,1.9,1.8
156,37.4,1.6,2.6,3.7,4.1,1.6,3.2,1.2,2.2,3.0,6.0,4.4,3.8
157,36.8,3.8,2.7,2.5,3.6,4.1,4.4,1.0,2.9,2.8,3.8,2.5,2.7
158,35.6,3.2,5.3,6.0,2.4,4.3,1.7,1.9,1.6,3.2,2.8,2.0,1.2
159,33.5,3.3,1.9,7.0,4.3,3.2,2.2,1.3,1.1,2.1,2.8,2.5,1.8
160,33.2,2.7,4.5,6.4,3.6,3.6,2.1,1.5,1.6,1.7,2.4,2.1,1.0
161,32.5,1.6,4.0,2.6,2.0,3.8,3.3,3.9,1.3,4.6,2.5,1.7,1.2
162,32.4,1.6,1.7,4.5,3.8,3.4,3.1,2.7,1.5,1.5,2.3,4.0,2.3
163,30.8,2.4,4.4,4.9,4.2,2.7,1.6,1.4,2.3,1.5,2.0,2.4,1.0
164,29.0,1.3,2.5,2.5,5.3,2.5,2.2,1.6,2.2,1.8,2.1,2.2,2.8
165,28.1,2.1,2.3,5.0,2.2,2.8,2.1,1.0,1.1,1.1,2.0,5.4,1.0
166,27.7,1.0,3.2,4.5,2.2,2.9,1.5,1.4,1.1,1.2,1.9,5.6,1.2
167,27.4,1.5,3.1,4.5,2.7,2.2,2.6,1.3,1.0,1.0,2.5,3.8,1.2
168,23.4,1.7,3.4,3.1,1.2,1.6,2.1,1.0,2.1,1.0,1.6,3.5,1.1
169,22.6,2.2,2.5,3.4,1.8,2.5,1.7,1.0,1.5,1.3,1.9,1.8,1.0
170,22.6,1.2,1.4,3.6,3.6,2.3,2.1,0.9,1.4,1.0,2.1,1.8,1.2
171,22.5,1.0,1.8,1.3,3.3,1.1,2.8,1.3,1.2,1.0,1.6,2.0,4.1
172,22.3,2.1,1.7,3.9,1.7,2.2,1.3,1.0,1.5,2.3,1.3,2.3,1.0
173,22.3,2.1,1.5,1.4,3.4,2.2,2.8,1.0,1.4,1.4,1.7,2.0,1.4
174,22.1,2.1,1.8,1.5,1.8,1.8,1.5,1.0,1.1,1.1,2.0,5.3,1.1
175,21.5,1.7,1.4,4.4,2.0,1.6,1.9,0.9,1.0,1.5,2.0,2.1,1.0
176,21.1,1.1,1.0,3.6,2.3,2.2,2.1,1.0,1.0,1.8,1.5,2.5,1.0
177,20.5,2.0,1.1,3.6,2.2,1.5,1.6,0.8,1.0,1.1,1.5,2.8,1.3
178,18.7,1.7,1.1,1.8,3.5,1.0,2.3,0.9,1.0,1.0,1.1,2.3,1.0
